WrWx_ID|Material|Plant|Manuf|Product Description|Manufacturer Material ID|Category|Product Type|Product Attributes
19030-PJU-MEC-00161|PJU-MEC-00161|0JU0|SKF|Bearing SKF 607|607|Bearing|Deep groove ball bearings|Bore diameter: 7.0 mm, Outside diameter: 19.0 mm, Width: 6.0 mm, Basic dynamic load rating: 2.34 kN, Basic static load rating: 0.95 kN
12865-PGZ-POW-00920|PGZ-POW-00920|0GZ0|SKF|Bearing SKF 608|608|Bearing|Deep groove ball bearings|Bore diameter: 8.0 mm, Outside diameter: 22.0 mm, Width: 7.0 mm, Basic dynamic load rating: 3.45 kN, Basic static load rating: 1.37 kN
26881-PNF-1002503|PNF-1002503|0NF0|SKF|Bearing SKF 624|624|Bearing|Deep groove ball bearings|Bore diameter: 4.0 mm, Outside diameter: 13.0 mm, Width: 5.0 mm, Basic dynamic load rating: 0.936 kN, Basic static load rating: 0.29 kN
71466-PRX-BEAR131|PRX-BEAR131|0RX0|SKF|Bearing SKF 625|625|Bearing|Deep groove ball bearings|Bore diameter: 5.0 mm, Outside diameter: 16.0 mm, Width: 5.0 mm, Basic dynamic load rating: 1.14 kN, Basic static load rating: 0.38 kN
51061-PHU-POW-01620|PHU-POW-01620|0J40|SKF|Bearing SKF 626|626|Bearing|Deep groove ball bearings|Bore diameter: 6.0 mm, Outside diameter: 19.0 mm, Width: 6.0 mm, Basic dynamic load rating: 2.34 kN, Basic static load rating: 0.95 kN
4033-CMI-M11A78|CMI-M11A78|0SG0|SKF|Bearing SKF 629|629|Bearing|Deep groove ball bearings|Bore diameter: 9.0 mm, Outside diameter: 26.0 mm, Width: 8.0 mm, Basic dynamic load rating: 4.75 kN, Basic static load rating: 1.96 kN
71162-CJL-10004632|CJL-10004632|0RU0|SKF|Bearing SKF 35|635|Bearing|Deep groove ball bearings|Bore diameter: 5.0 mm, Outside diameter: 19.0 mm, Width: 6.0 mm, Basic dynamic load rating: 2.34 kN, Basic static load rating: 0.95 kN
28361-805548|805548|220|SKF|Bearing SKF 1215|1215|Bearing|Self-aligning ball bearings|Bore diameter: 75.0 mm, Outside diameter: 130.0 mm, Width: 25.0 mm, Basic dynamic load rating: 39.0 kN, Basic static load rating: 15.6 kN
539-CBE-5211101943|CBE-5211101943|0JQ0|SKF|Bearing SKF 1216|1216|Bearing|Self-aligning ball bearings|Bore diameter: 80.0 mm, Outside diameter: 140.0 mm, Width: 26.0 mm, Basic dynamic load rating: 39.7 kN, Basic static load rating: 17.0 kN
24776-836748|836748|220|SKF|Bearing SKF 1217|1217|Bearing|Self-aligning ball bearings|Bore diameter: 85.0 mm, Outside diameter: 150.0 mm, Width: 28.0 mm, Basic dynamic load rating: 48.8 kN, Basic static load rating: 20.8 kN
30509-5671-05-20-0194|5671-05-20-0194|440|SKF|Bearing SKF 1314|1314|Bearing|Self-aligning ball bearings|Bore diameter: 70.0 mm, Outside diameter: 150.0 mm, Width: 35.0 mm, Basic dynamic load rating: 74.1 kN, Basic static load rating: 27.5 kN
27602-PNF-1002515|PNF-1002515|0NF0|SKF|Bearing SKF 2214|2214|Bearing|Self-aligning ball bearings|Bore diameter: 70.0 mm, Outside diameter: 125.0 mm, Width: 31.0 mm, Basic dynamic load rating: 44.2 kN, Basic static load rating: 17.0 kN
20695-805594|805594|0N20|SKF|Bearing SKF 2218|2218|Bearing|Self-aligning ball bearings|Bore diameter: 90.0 mm, Outside diameter: 160.0 mm, Width: 40.0 mm, Basic dynamic load rating: 70.2 kN, Basic static load rating: 28.5 kN
20574-PD4-POW-08870|PD4-POW-08870|0D40|SKF|Bearing SKF 2302|2302|Bearing|Self-aligning ball bearings|Bore diameter: 15.0 mm, Outside diameter: 42.0 mm, Width: 17.0 mm, Basic dynamic load rating: 11.9 kN, Basic static load rating: 2.9 kN
32855-GBS-BRGS10034|GBS-BRGS10034|660|SKF|Bearing SKF 2306|2306|Bearing|Self-aligning ball bearings|Bore diameter: 30.0 mm, Outside diameter: 72.0 mm, Width: 27.0 mm, Basic dynamic load rating: 31.2 kN, Basic static load rating: 8.8 kN
23995-805600|805600|220|SKF|Bearing SKF 2310|2310|Bearing|Self-aligning ball bearings|Bore diameter: 50.0 mm, Outside diameter: 110.0 mm, Width: 40.0 mm, Basic dynamic load rating: 63.7 kN, Basic static load rating: 20.0 kN
60384-CNC-454298|CNC-454298|0NC0|SKF|Bearing SKF 2311|2311|Bearing|Self-aligning ball bearings|Bore diameter: 55.0 mm, Outside diameter: 120.0 mm, Width: 43.0 mm, Basic dynamic load rating: 76.1 kN, Basic static load rating: 24.0 kN
17688-NF781364|NF781364|720|SKF|Bearing SKF 6000|6000|Bearing|Deep groove ball bearings|Bore diameter: 10.0 mm, Outside diameter: 26.0 mm, Width: 8.0 mm, Basic dynamic load rating: 4.75 kN, Basic static load rating: 1.96 kN
17747-CSZ-80033760|CSZ-80033760|0SZ0|SKF|Bearing SKF 6001|6001|Bearing|Deep groove ball bearings|Bore diameter: 12.0 mm, Outside diameter: 28.0 mm, Width: 8.0 mm, Basic dynamic load rating: 5.4 kN, Basic static load rating: 2.36 kN
44778-CSA-13010010|CSA-13010010|0G10|SKF|Bearing SKF 6002|6002|Bearing|Deep groove ball bearings|Bore diameter: 15.0 mm, Outside diameter: 32.0 mm, Width: 9.0 mm, Basic dynamic load rating: 5.85 kN, Basic static load rating: 2.85 kN
75339-PTX-1196|PTX-1196|0TX0|SKF|Bearing SKF 16006|16006|Bearing|Deep groove ball bearings|Bore diameter: 30.0 mm, Outside diameter: 55.0 mm, Width: 9.0 mm, Basic dynamic load rating: 11.9 kN, Basic static load rating: 7.35 kN
55167-PKG-ME0050115|PKG-ME0050115|0KG0|SKF|Bearing SKF 16007|16007|Bearing|Deep groove ball bearings|Bore diameter: 35.0 mm, Outside diameter: 62.0 mm, Width: 9.0 mm, Basic dynamic load rating: 13.0 kN, Basic static load rating: 8.15 kN
61614-PNF-1000076|PNF-1000076|0NF0|SKF|Bearing SKF 16015|16015|Bearing|Deep groove ball bearings|Bore diameter: 75.0 mm, Outside diameter: 115.0 mm, Width: 13.0 mm, Basic dynamic load rating: 30.2 kN, Basic static load rating: 27.0 kN
8493-PNF-1000231|PNF-1000231|0NF0|SKF|Bearing SKF 16016|16016|Bearing|Deep groove ball bearings|Bore diameter: 80.0 mm, Outside diameter: 125.0 mm, Width: 14.0 mm, Basic dynamic load rating: 35.1 kN, Basic static load rating: 31.5 kN
45437-PG7-05100263|PG7-05100263|0G70|SKF|Bearing SKF 33210|33210|Bearing|Tapered roller bearings, single row|Bore diameter: 50.0 mm, Outside diameter: 90.0 mm, Total bearing width: 32.0 mm, Basic dynamic load rating: 142.0 kN, Basic static load rating: 160.0 kN
46054-CJL-77045244|CJL-77045244|0G80|SKF|Bearing SKF 51105|51105|Bearing|Thrust ball bearings, single direction|Bore diameter: 25.0 mm, Outside diameter: 42.0 mm, Height: 11.0 mm, Basic dynamic load rating: 18.2 kN, Basic static load rating: 39.0 kN
20472-PD4-POW-06960|PD4-POW-06960|0D40|SKF|Bearing SKF 51305|51305|Bearing|Thrust ball bearings, single direction|Bore diameter: 25.0 mm, Outside diameter: 52.0 mm, Height: 18.0 mm, Basic dynamic load rating: 34.5 kN, Basic static load rating: 60.0 kN
61282-PNF-1000341|PNF-1000341|0NF0|SKF|Bearing SKF 61805|61805|Bearing|Deep groove ball bearings|Bore diameter: 25.0 mm, Outside diameter: 37.0 mm, Width: 7.0 mm, Basic dynamic load rating: 4.36 kN, Basic static load rating: 2.6 kN
35181-P0A70-POW-01190|P0A70-POW-01190|0A70|SKF|Bearing SKF 108TN9|108 TN9|Bearing|Self-aligning ball bearings|Bore diameter: 8.0 mm, Outside diameter: 22.0 mm, Width: 7.0 mm, Basic dynamic load rating: 2.65 kN, Basic static load rating: 0.56 kN
58343-PLG-1000580|PLG-1000580|0LG0|SKF|Bearing SKF 1200ETN9|1200 ETN9|Bearing|Self-aligning ball bearings|Bore diameter: 10.0 mm, Outside diameter: 30.0 mm, Width: 9.0 mm, Basic dynamic load rating: 5.53 kN, Basic static load rating: 1.18 kN
19987-CPR-8070035|CPR-8070035|0K60|SKF|Bearing SKF 1308ETN9|1308 ETN9|Bearing|Self-aligning ball bearings|Bore diameter: 40.0 mm, Outside diameter: 90.0 mm, Width: 23.0 mm, Basic dynamic load rating: 33.8 kN, Basic static load rating: 11.2 kN
11608-GRGS002413|GRGS002413|0DA0|SKF|Bearing SKF 17262032RS1|1726203-2RS1|Bearing|Insert bearings|Bore diameter: 17.0 mm, Outside diameter: 40.0 mm, Width inner ring: 12.0 mm, Basic dynamic load rating: 9.56 kN, Basic static load rating: 4.75 kN
78250-NF37528|NF37528|0AG0|SKF|Bearing SKF 2200E2RS1TN9|2200 E-2RS1TN9|Bearing|Self-aligning ball bearings|Bore diameter: 10.0 mm, Outside diameter: 30.0 mm, Width: 14.0 mm, Basic dynamic load rating: 5.53 kN, Basic static load rating: 1.18 kN
71315-PRX-BEAR170|PRX-BEAR170|0RX0|SKF|Bearing SKF 22022RS|2202 E-2RS1TN9|Bearing|Self-aligning ball bearings|Bore diameter: 15.0 mm, Outside diameter: 35.0 mm, Width: 14.0 mm, Basic dynamic load rating: 7.41 kN, Basic static load rating: 1.76 kN
45193-CSA-13022203|CSA-13022203|0G30|SKF|Bearing SKF 2205E2RS1TN9|2205 E-2RS1TN9|Bearing|Self-aligning ball bearings|Bore diameter: 25.0 mm, Outside diameter: 52.0 mm, Width: 18.0 mm, Basic dynamic load rating: 14.3 kN, Basic static load rating: 4.0 kN
55136-PKJ-P1436|PKJ-P1436|0KJ0|SKF|Bearing SKF 2211EKTN9|2211 EKTN9|Bearing|Self-aligning ball bearings|Bore diameter: 55.0 mm, Outside diameter: 100.0 mm, Width: 25.0 mm, Basic dynamic load rating: 39.0 kN, Basic static load rating: 13.4 kN
60684-805788|805788|0N20|SKF|Bearing SKF 22211EK|22211 EK|Bearing|Spherical roller bearings|Bore diameter: 55.0 mm, Outside diameter: 100.0 mm, Width: 25.0 mm, Basic dynamic load rating: 129.0 kN, Basic static load rating: 127.0 kN
71943-CTS-91303426|CTS-91303426|0S20|SKF|Bearing SKF 305704C2Z|305704 C-2Z|Track Roller|Cam rollers|
63983-CQ5-21100074|CQ5-21100074|0Q50|SKF|Bearing SKF 305706C2Z|305706 C-2Z|Track Roller|Cam rollers|Outside diameter: 72.0 mm, Bore diameter: 30.0 mm, Width: 23.8 mm, Basic dynamic load rating: 25.1 kN, Basic static load rating: 16.3 kN
32647-GBS-BRGS05026|GBS-BRGS05026|660|SKF|Bearing SKF 305707C2Z|305707 C-2Z|Track Roller|Cam rollers|
2229-PD4-POW-09240|PD4-POW-09240|0D40|SKF|Bearing SKF 305800C2Z|305800 C-2Z|Track Roller|Cam rollers|Outside diameter: 32.0 mm, Bore diameter: 10.0 mm, Width: 14.0 mm, Basic dynamic load rating: 6.76 kN, Basic static load rating: 3.6 kN
80998-CRR-103697|CRR-103697|0R70|SKF|Bearing SKF 305801C2Z|305801 C-2Z|Track Roller|Cam rollers|Outside diameter: 35.0 mm, Bore diameter: 12.0 mm, Width: 15.9 mm, Basic dynamic load rating: 9.04 kN, Basic static load rating: 4.56 kN
28745-PFO-1013656|PFO-1013656|0QF0|SKF|Bearing SKF 305804C2Z|305804 C-2Z|Track Roller|Cam rollers|Outside diameter: 52.0 mm, Bore diameter: 20.0 mm, Width: 20.6 mm, Basic dynamic load rating: 16.5 kN, Basic static load rating: 9.5 kN
13717-CJL-77052964|CJL-77052964|0GM0|SKF|Bearing SKF 305805C2RS1|305805 C-2RS1|Track Roller|Cam rollers|Outside diameter: 62.0 mm, Bore diameter: 25.0 mm, Width: 20.6 mm, Basic dynamic load rating: 18.6 kN, Basic static load rating: 11.8 kN
17402-CJL-10005935|CJL-10005935|0RU0|SKF|Bearing SKF LR52052Z|305805 C-2Z|Track Roller|Cam rollers|Outside diameter: 62.0 mm, Bore diameter: 25.0 mm, Width: 20.6 mm, Basic dynamic load rating: 18.6 kN, Basic static load rating: 11.8 kN
3126-PG8-05201128|PG8-05201128|0G80|SKF|Bearing SKF 305805C2Z|305805 C-2Z|Track Roller|Cam rollers|Outside diameter: 62.0 mm, Bore diameter: 25.0 mm, Width: 20.6 mm, Basic dynamic load rating: 18.6 kN, Basic static load rating: 11.8 kN
70755-CJL-10005934|CJL-10005934|0RU0|SKF|Bearing SKF LR52052Z|305805 C-2Z|Track Roller|Cam rollers|Outside diameter: 62.0 mm, Bore diameter: 25.0 mm, Width: 20.6 mm, Basic dynamic load rating: 18.6 kN, Basic static load rating: 11.8 kN
75930-PTX-2177|PTX-2177|0TX0|SKF|Bearing SKF 305805C2Z|305805 C-2Z|Track Roller|Cam rollers|Outside diameter: 62.0 mm, Bore diameter: 25.0 mm, Width: 20.6 mm, Basic dynamic load rating: 18.6 kN, Basic static load rating: 11.8 kN
14335-PJ7-POW-02722|PJ7-POW-02722|0J70|SKF|Bearing SKF 32005X|32005 X|Bearing|Tapered roller bearings, single row|Bore diameter: 25.0 mm, Outside diameter: 47.0 mm, Total bearing width: 15.0 mm, Basic dynamic load rating: 33.2 kN, Basic static load rating: 32.5 kN
63243-CPH-TRA-100368|CPH-TRA-100368|0PH0|SKF|Bearing SKF 3202A2RS1TN9|3202 A-2RS1TN9/MT33|Bearing|Angular contact ball bearings, double row|Bore diameter: 15.0 mm, Outside diameter: 35.0 mm, Width: 15.9 mm
18597-PHA-POW-03100|PHA-POW-03100|0HA0|SKF|Bearing SKF 4202ATN9|4202 ATN9|Bearing|Deep groove ball bearings|Bore diameter: 15.0 mm, Outside diameter: 35.0 mm, Width: 14.0 mm, Basic dynamic load rating: 11.9 kN, Basic static load rating: 7.5 kN
25577-CPR-8034443|CPR-8034443|0K60|SKF|Bearing SKF 60002RS|6000-2RSH|Bearing|Deep groove ball bearings|Bore diameter: 10.0 mm, Outside diameter: 26.0 mm, Width: 8.0 mm, Basic dynamic load rating: 4.75 kN, Basic static load rating: 1.96 kN
70751-CJL-10005328|CJL-10005328|0RU0|SKF|Bearing SKF FYTB50TF|FYTB 50 TF|Bearing|Ball bearing oval flanged units|Bore diameter: 50.0 mm, Overall height: 189.0 mm, Overall length: 116.0 mm, Overall unit width: 60.6 mm
9106-PMZ-1005192|PMZ-1005192|0MZ0|SKF|Bearing SKF FYTB50WF|FYTB 50 WF|Bearing|Ball bearing oval flanged units|Bore diameter: 50.0 mm, Overall height: 189.0 mm, Overall length: 116.0 mm, Overall unit width: 66.1 mm
9078-CQ5-600059|CQ5-600059|0Q50|SKF|Bearing SKF FYTB504M|FYTB 504 M|Housing|Oval flanged housings for insert bearings|Diameter of spherical seat: 47.0 mm, Overall width: 29.5 mm, Overall height: 112.0 mm, Overall length: 60.5 mm
34106-GBO-031-039|GBO-031-039|670|SKF|Bearing SKF FYTB506M|FYTB 506 M|Housing|Oval flanged housings for insert bearings|
9351-PNB-1569524|PNB-1569524|0NB0|SKF|Bearing SKF FYTB510M|FYTB 510 M|Housing|Oval flanged housings for insert bearings|Diameter of spherical seat: 90.0 mm, Overall width: 43.0 mm, Overall height: 189.0 mm, Overall length: 116.0 mm
74857-CTK-561477|CTK-561477|0TK0|SKF|Bearing SKF FYTBK30TR|FYTBK 30 TR|Unit|Ball bearing oval flanged units|Bore diameter: 30.0 mm, Overall height: 142.5 mm, Overall length: 83.0 mm, Overall unit width: 42.2 mm
10149-PR4-1002472|PR4-1002472|0R40|SKF|Bearing SKF FYTJ20TF|FYTJ 20 TF|Unit|Ball bearing oval flanged units|Bore diameter: 20.0 mm, Overall height: 112.0 mm, Overall length: 60.0 mm, Overall unit width: 33.3 mm
14551-CCA-1009207|CCA-1009207|0K90|SKF|Bearing SKF UCFL208|FYTJ 40 TF|Unit|Ball bearing oval flanged units|Bore diameter: 40.0 mm, Overall height: 175.0 mm, Overall length: 100.0 mm, Overall unit width: 51.2 mm
1284-CJL-77045564|CJL-77045564|0GF0|SKF|Bearing SKF FYTJ|FYTJ 508|Bearing|Oval flanged housings for insert bearings|Diameter of spherical seat: 80.0 mm, Overall width: 36.0 mm, Overall height: 175.0 mm, Overall length: 100.0 mm
13867-PH8-10000088|PH8-10000088|0H80|SKF|Bearing SKF FYTWK20YTH|FYTWK 20 YTH|Unit|Ball bearing oval flanged units|Bore diameter: 20.0 mm, Overall height: 112.0 mm, Overall length: 60.5 mm, Overall unit width: 37.3 mm
77631-PB1-80501037|PB1-80501037|0B10|SKF|Bearing SKF FYTWK40LTHR|FYTWK 40 LTHR|Unit|Ball bearing oval flanged units|Bore diameter: 40.0 mm, Overall height: 175.0 mm, Overall length: 100.0 mm, Overall unit width: 51.7 mm
12468-GRGS007079|GRGS007079|0CM0|SKF|Bearing SKF FYTWK50LTHR|FYTWK 50 LTHR|Unit|Ball bearing oval flanged units|Bore diameter: 50.0 mm, Overall height: 197.0 mm, Overall length: 115.0 mm, Overall unit width: 57.6 mm
19464-PH8-10000086|PH8-10000086|0H80|SKF|Bearing SKF FYWK25YTH|FYWK 25 YTH|Unit|Ball bearing square flanged units|Bore diameter: 25.0 mm, Overall length: 95.0 mm, Overall unit width: 38.8 mm
74646-PT4-800455119|PT4-800455119|0T40|SKF|Bearing SKF GE10C|GE 10 C|Bearing|Radial spherical plain bearings|Bore diameter: 10.0 mm, Outside diameter: 19.0 mm, Nominal width: 9.0 mm, Width outer ring: 6.0 mm, Basic dynamic load rating: 8.65 kN, Basic static load rating: 21.6 kN
10799-PFO-10005193|PFO-10005193|0Q80|SKF|Bearing SKF GE10E|GE 10 E|Bearing|Radial spherical plain bearings|Bore diameter: 10.0 mm, Outside diameter: 19.0 mm, Nominal width: 9.0 mm, Width outer ring: 6.0 mm, Basic dynamic load rating: 8.15 kN, Basic static load rating: 40.5 kN
21429-PFO-10001828|PFO-10001828|0Q70|SKF|Bearing SKF GE100ES|GE 100 ES|Bearing|Radial spherical plain bearings|Bore diameter: 100.0 mm, Outside diameter: 150.0 mm, Nominal width: 70.0 mm, Width outer ring: 55.0 mm, Basic dynamic load rating: 610.0 kN, Basic static load rating: 3050.0 kN
12625-NF37664|NF37664|0AG0|SKF|Bearing SKF GE12C|GE 12 C|Bearing|Radial spherical plain bearings|Bore diameter: 12.0 mm, Outside diameter: 22.0 mm, Nominal width: 10.0 mm, Width outer ring: 7.0 mm, Basic dynamic load rating: 11.4 kN, Basic static load rating: 28.5 kN
17423-CAZ-SV70000203|CAZ-SV70000203|0RW0|SKF|Bearing SKF GE12C|GE 12 C|Bearing|Radial spherical plain bearings|Bore diameter: 12.0 mm, Outside diameter: 22.0 mm, Nominal width: 10.0 mm, Width outer ring: 7.0 mm, Basic dynamic load rating: 11.4 kN, Basic static load rating: 28.5 kN
13975-PH6-ENG-NO-100076|PH6-ENG-NO-100076|0H60|SKF|Bearing SKF GE15ES|GE 15 ES|Bearing|Radial spherical plain bearings|Bore diameter: 15.0 mm, Outside diameter: 26.0 mm, Nominal width: 12.0 mm, Width outer ring: 9.0 mm, Basic dynamic load rating: 17.0 kN, Basic static load rating: 85.0 kN
60884-CND-50004484|CND-50004484|0ND0|SKF|Bearing SKF MB15|GE 15 ES|Bearing|Radial spherical plain bearings|
72881-CBU-568838|CBU-568838|0S30|SKF|Bearing SKF GE15ES|GE 15 ES|Bearing|Radial spherical plain bearings|Bore diameter: 15.0 mm, Outside diameter: 26.0 mm, Nominal width: 12.0 mm, Width outer ring: 9.0 mm, Basic dynamic load rating: 17.0 kN, Basic static load rating: 85.0 kN
75416-CND-50004484|CND-50004484|0TU0|SKF|Bearing SKF MB15|GE 15 ES|Bearing|Radial spherical plain bearings|
10904-CSA-1305554|CSA-1305554|0D80|BOBST|Bearing BOBST GE17C|GE 17 C|Bearing|Radial spherical plain bearings|Bore diameter: 17.0 mm, Outside diameter: 30.0 mm, Nominal width: 14.0 mm, Width outer ring: 10.0 mm, Basic dynamic load rating: 22.4 kN, Basic static load rating: 56.0 kN
76412-CRR-102401|CRR-102401|0Q30|SKF|Bearing SKF GX20F|GX 20 F|Bearing|Thrust spherical plain bearings|Bore diameter (thrust part): 20.0 mm, Outside diameter: 55.0 mm, Nominal width: 20.0 mm, Basic dynamic load rating - axial direction: 46.5 kN, Basic static load rating - axial direction: 73.5 kN
50012-CKE-013270|CKE-013270|0HP0|SKF|Bearing SKF GX45F|GX 45 F|Bearing|Thrust spherical plain bearings|Bore diameter (thrust part): 45.0 mm, Outside diameter: 120.0 mm, Nominal width: 36.5 mm, Basic dynamic load rating - axial direction: 224.0 kN, Basic static load rating - axial direction: 355.0 kN
8428-CND-50052742|CND-50052742|0ND0|SKF|Bearing SKF GYE30KRRB|GYE30KRRB|Bearing|Insert bearings|
74833-CTK-563353|CTK-563353|0TK0|SKF|Bearing SKF H205|H 205|Accessory|Adapter sleeves for metric shafts|Bore diameter: 20.0 mm, Outside diameter small taper: 25.0 mm, Outside diameter lock nut: 38.0 mm, Width: 26.0 mm
23240-CTS-91312220|CTS-91312220|0S10|SKF|Bearing SKF H211|H 211|Accessory|Adapter sleeves for metric shafts|Bore diameter: 50.0 mm, Outside diameter small taper: 55.0 mm, Outside diameter lock nut: 75.0 mm, Width: 37.0 mm
35883-GBC-BSL 099-747|GBC-BSL 099-747|0AS0|SKF|Bearing SKF H3034|H 3034|Accessory|Adapter sleeves for metric shafts|Bore diameter: 150.0 mm, Outside diameter small taper: 170.0 mm, Outside diameter lock nut: 200.0 mm, Width: 101.0 mm
11441-CTS-91303325|CTS-91303325|0S10|SKF|Bearing SKF HE217|HE 217|Accessory|Adapter sleeves for inch shafts|Bore diameter: 76.2 mm, Outside diameter small taper: 85.0 mm, Outside diameter lock nut: 110.0 mm, Width: 50.0 mm
54499-CCA-1545057|CCA-1545057|0K90|SKF|Bearing SKF 10500|HJ 10/500|Accessory|Angle rings for cylindrical roller bearings|Bore diameter: 500.0 mm, Outside diameter: 577.0 mm, Width: 48.0 mm
84110-PNL-4454771|PNL-4454771|0NL0|SKF|Bearing SKF HK0306TN|HK 0306 TN|Bearing|Drawn cup needle roller bearings|Diameter under rollers: 3.0 mm, Outside diameter: 6.5 mm, Width: 6.0 mm, Basic dynamic load rating: 1.23 kN, Basic static load rating: 0.88 kN
33933-NF783419|NF783419|720|SKF|Bearing SKF HK0509|HK 0509|Bearing|Drawn cup needle roller bearings|Diameter under rollers: 5.0 mm, Outside diameter: 9.0 mm, Width: 9.0 mm, Basic dynamic load rating: 2.38 kN, Basic static load rating: 2.08 kN
22789-CBU-520445|CBU-520445|0S30|SKF|Bearing SKF HK0608|HK 0608|Bearing|Drawn cup needle roller bearings|Diameter under rollers: 6.0 mm, Outside diameter: 10.0 mm, Width: 8.0 mm, Basic dynamic load rating: 2.01 kN, Basic static load rating: 1.73 kN
33922-GBO-032-022|GBO-032-022|670|SKF|Bearing SKF HM3068|HM 3068|Accessory|Lock nuts requiring a keyway (metric)|
63976-CQ4-BRNG538|CQ4-BRNG538|0Q40|SKF|Bearing SKF K20X24X17|K 20X24X17|Accessory|Needle roller and cage assemblies|Diameter under rollers: 20.0 mm, Outside diameter roller complement: 24.0 mm, Width needle roller and cage assembly: 17.0 mm, Basic dynamic load rating: 12.5 kN, Basic static load rating: 20.8 kN
63663-CPH-TRA-103281|CPH-TRA-103281|0PH0|SKF|Bearing SKF K8X12X10TN|K 8X12X10 TN|Accessory|Needle roller and cage assemblies|Diameter under rollers: 8.0 mm, Outside diameter roller complement: 12.0 mm, Width needle roller and cage assembly: 10.0 mm, Basic dynamic load rating: 4.84 kN, Basic static load rating: 4.75 kN
75348-CND-50014181|CND-50014181|0TU0|SKF|Bearing SKF KM10|KM 10|Accessory|Lock nuts requiring a keyway (metric)|
76044-CTK-603216|CTK-603216|0TK0|SKF|Bearing SKF KM12|KM 12|Accessory|Lock nuts requiring a keyway (metric)|Thread size: 60.0 mm, Outside diameter: 80.0 mm, Width: 11.0 mm, Thread designation: M 60x2 unit not found, Axial static load carrying capacity: 95.0 kN
61701-PNH-1003559|PNH-1003559|0NH0|SKF|Bearing SKF AN18|KM 18|Accessory|Lock nuts requiring a keyway (metric)|Thread size: 90.0 mm, Outside diameter: 120.0 mm, Width: 16.0 mm, Thread designation: M 90x2 unit not found, Axial static load carrying capacity: 216.0 kN
62299-CND-52573762|CND-52573762|0ND0|SKF|Bearing SKF KMT16|KMT 16|Accessory|Precision lock nuts|
48016-PGM-04104632|PGM-04104632|0GM0|SKF|Bearing SKF KMT6|KMT 6|Accessory|Precision lock nuts|Thread size: 30.0 mm, Outside diameter locating side face: 44.0 mm, Width: 20.0 mm, Axial static load carrying capacity: 160.0 kN
12101-PNH-1010876|PNH-1010876|0NH0|SKF|Bearing SKF KR16PPA|KR 16 PPA|Track Roller|Cam followers|Outside diameter: 16.0 mm, Attachment diameter: 6.0 mm, Total length: 28.0 mm, Width outer ring: 11.0 mm, Basic dynamic load rating: 3.14 kN, Basic static load rating: 3.2 kN
44121-PFT-POW-0083|PFT-POW-0083|0FT0|SKF|Bearing SKF KR16PPSKA|KR 16 PPSKA|Track Roller|Cam followers|Outside diameter: 16.0 mm, Attachment diameter: 6.0 mm, Total length: 28.0 mm, Width outer ring: 11.0 mm, Basic dynamic load rating: 3.14 kN, Basic static load rating: 3.2 kN
22733-PRX-BEAR104|PRX-BEAR104|0RX0|SKF|Bearing SKF KR47PPA|KR 47 PPA|Track Roller|Cam followers|Outside diameter: 47.0 mm, Attachment diameter: 20.0 mm, Total length: 66.0 mm, Width outer ring: 24.0 mm, Basic dynamic load rating: 14.7 kN, Basic static load rating: 24.5 kN
82395-CND-50016847|CND-50016847|0NE0|SKF|Bearing SKF MB14|MB 14|Accessory|MB(L) lock washers|
12300-CCO-79227818|CCO-79227818|0RN0|SKF|Bearing SKF MB7|MB 7|Accessory|MB(L) lock washers|
34500-P83-POW-00870|P83-POW-00870|830|SKF|Bearing SKF N203ECP|N 203 ECP|Bearing|Cylindrical roller bearings, single row|Bore diameter: 17.0 mm, Outside diameter: 40.0 mm, Width: 12.0 mm, Basic dynamic load rating: 20.0 kN, Basic static load rating: 14.3 kN
40719-PD4-POW-03950|PD4-POW-03950|0D40|SKF|Bearing SKF N210ECP|N 210 ECP|Bearing|Cylindrical roller bearings, single row|Bore diameter: 50.0 mm, Outside diameter: 90.0 mm, Width: 20.0 mm, Basic dynamic load rating: 73.5 kN, Basic static load rating: 69.5 kN
15622-NF752376|NF752376|680|SKF|Bearing SKF NA22022RS|NA 2202.2RS|Bearing|Support rollers, without flange rings, with an inner ring|Outside diameter: 35.0 mm, Bore diameter: 15.0 mm, Width outer ring: 13.8 mm, Width inner ring: 14.0 mm, Basic dynamic load rating: 7.48 kN, Basic static load rating: 9.3 kN
20243-PD4-POW-05840|PD4-POW-05840|0D40|SKF|Bearing SKF NA4920|NA 4920|Bearing|Needle roller bearings with machined rings, with an inner ring|Bore diameter: 100.0 mm, Outside diameter: 140.0 mm, Width: 40.0 mm, Basic dynamic load rating: 125.0 kN, Basic static load rating: 280.0 kN
68137-PRE-10002724|PRE-10002724|0RE0|SKF|Bearing SKF NA6912|NA 6912|Bearing|Needle roller bearings with machined rings, with an inner ring|Bore diameter: 60.0 mm, Outside diameter: 85.0 mm, Width: 45.0 mm, Basic dynamic load rating: 93.5 kN, Basic static load rating: 204.0 kN
16820-PBH-POW-00616#|PBH-POW-00616#|0BH0|SKF|Bearing SKF NATR10PPA|NATR 10 PPA|Bearing|Support rollers, with flange rings, with an inner ring|Outside diameter: 30.0 mm, Bore diameter: 10.0 mm, Width outer ring: 14.0 mm, Width inner ring: 15.0 mm, Basic dynamic load rating: 6.44 kN, Basic static load rating: 8.0 kN
53478-CPR-8030612|CPR-8030612|0K60|SKF|Bearing SKF NATR12|NATR 12|Bearing|Support rollers, with flange rings, with an inner ring|Outside diameter: 32.0 mm, Bore diameter: 12.0 mm, Width outer ring: 14.0 mm, Width inner ring: 15.0 mm, Basic dynamic load rating: 6.6 kN, Basic static load rating: 8.5 kN
61078-PMZ-1015591|PMZ-1015591|0MZ0|SKF|Bearing SKF NATV30PPA|NATV 30 PPA|Bearing|Support rollers, with flange rings, with an inner ring|Outside diameter: 62.0 mm, Bore diameter: 30.0 mm, Width outer ring: 28.0 mm, Width inner ring: 29.0 mm, Basic dynamic load rating: 29.2 kN, Basic static load rating: 62.0 kN
45796-PG7-04111482|PG7-04111482|0G70|SKF|Bearing SKF NJ205|NJ 205 ECP|Bearing|Cylindrical roller bearings, single row|Bore diameter: 25.0 mm, Outside diameter: 52.0 mm, Width: 15.0 mm, Basic dynamic load rating: 32.5 kN, Basic static load rating: 27.0 kN
33838-NF781821|NF781821|720|SKF|Bearing SKF NK12|NK 12/16|Bearing|Needle roller bearings with machined rings, without an inner ring|Diameter under rollers: 12.0 mm, Outside diameter: 19.0 mm, Width: 16.0 mm, Basic dynamic load rating: 9.13 kN, Basic static load rating: 12.0 kN
5555-GRGS000617|GRGS000617|0CP0|SKF|Bearing SKF NKI2220|NKI 22/20|Bearing|Needle roller bearings with machined rings, with an inner ring|Bore diameter: 22.0 mm, Outside diameter: 34.0 mm, Width: 20.0 mm, Basic dynamic load rating: 19.4 kN, Basic static load rating: 34.5 kN
18741-PH8-10000102|PH8-10000102|0H80|SKF|Bearing SKF NKI2530|NKI 25/30|Bearing|Needle roller bearings with machined rings, with an inner ring|Bore diameter: 25.0 mm, Outside diameter: 38.0 mm, Width: 30.0 mm, Basic dynamic load rating: 31.9 kN, Basic static load rating: 60.0 kN
60841-CJL-93000937|CJL-93000937|0N70|SKF|Bearing SKF NN3008KTN|NN 3008 KTN|Bearing|Cylindrical roller bearings, double row, super-precision|
22193-CSA-1319447|CSA-1319447|0D80|SKF|Bearing SKF NU1016|NU 1016|Bearing|Cylindrical roller bearings, single row|Bore diameter: 80.0 mm, Outside diameter: 125.0 mm, Width: 22.0 mm, Basic dynamic load rating: 64.4 kN, Basic static load rating: 78.0 kN
34118-NF89963|NF89963|720|SKF|Bearing SKF NUKR35A|NUKR 35 A|Track Roller|Cam followers|Outside diameter: 35.0 mm, Attachment diameter: 16.0 mm, Total length: 52.0 mm, Width outer ring: 18.0 mm, Basic dynamic load rating: 16.8 kN, Basic static load rating: 17.6 kN
8654-GBO-030-123|GBO-030-123|0PE0|SKF|Bearing SKF NUP313ECJ|NUP 313 ECJ|Bearing|Cylindrical roller bearings, single row|Bore diameter: 65.0 mm, Outside diameter: 140.0 mm, Width: 33.0 mm, Basic dynamic load rating: 212.0 kN, Basic static load rating: 196.0 kN
6893-5680-201.03.124|5680-201.03.124|350|SKF|Bearing SKF NUTR25|NUTR 25 A|Track Roller|Support rollers, with flange rings, with an inner ring|Outside diameter: 52.0 mm, Bore diameter: 25.0 mm, Width outer ring: 24.0 mm, Width inner ring: 25.0 mm, Basic dynamic load rating: 29.7 kN, Basic static load rating: 36.0 kN
71650-CAZ-SV70004056|CAZ-SV70004056|0RW0|SKF|Bearing SKF NX7ZTN|NX 7 ZTN|Bearing|Needle roller / thrust rolling bearings|
24465-CJL-77052515|CJL-77052515|0G80|SKF|Bearing SKF P25TF|P 25 TF|Unit|Ball bearing plummer block units|Bore diameter: 25.0 mm, Base width: 32.0 mm, Overall height: 56.0 mm, Height of spherical seat centre: 28.4 mm, Overall length: 108.0 mm
80738-5940-11523|5940-11523|480|SKF|Bearing SKF M300|P2BM 300-TF|Unit|Ball bearing plummer block units|Bore diameter: 76.2 mm, Base width: 77.8 mm, Overall height: 176.21 mm, Height of spherical seat centre: 88.9 mm, Overall length: 292.1 mm
70669-CCO-79265171|CCO-79265171|0RQ0|SKF|Bearing SKF PCMF0810095E|PCMF 081009.5 E|Bushing|Bushings|Bore diameter: 8.0 mm, Outside diameter: 10.0 mm, Width: 9.5 mm, Outside diameter flange: 15.0 mm
16207-CQ5-81100221|CQ5-81100221|0Q50|SKF|Bearing SKF PXG3254015F|PCMW 325401.5 E|Accesory|Thrust washers|Bore diameter: 32.0 mm, Outside diameter: 54.0 mm, Wall thickness: 1.5 mm, Basic dynamic load rating - radial direction: 116.0 kN, Basic static load rating - radial direction: 365.0 kN
53374-CJL-93000610|CJL-93000610|0K50|SKF|Bearing SKF PFT15TF|PFT 15 TF|Unit|Ball bearing oval flanged units|Bore diameter: 15.0 mm, Overall height: 81.0 mm, Overall length: 59.0 mm, Overall unit width: 17.9 mm
70508-CCO-79260883|CCO-79260883|0RQ0|SKF|Bearing SKF SLFL25|PFT 25 TF|Unit|Ball bearing oval flanged units|Bore diameter: 25.0 mm, Overall height: 95.0 mm, Overall length: 71.0 mm, Overall unit width: 21.8 mm
51605-CPR-8028680|CPR-8028680|0J60|SKF|Bearing SKF PSM061010|PSM 061010 A51|Bushing|Bushings|Bore diameter: 6.0 mm, Outside diameter: 10.0 mm, Width: 10.0 mm
40345-PD4-POW-02320|PD4-POW-02320|0D40|SKF|Bearing SKF QJ215MA|QJ 215 MA|Bearing|Angular contact ball bearings, four-point contact ball bearings|Bore diameter: 75.0 mm, Outside diameter: 130.0 mm, Width: 25.0 mm
15383-CBS-218697|CBS-218697|0M80|SKF|Bearing SKF QJ316N2MA|QJ 316 N2MA|Bearing|Angular contact ball bearings, four-point contact ball bearings|Bore diameter: 80.0 mm, Outside diameter: 170.0 mm, Width: 39.0 mm
38090-GRGS002403|GRGS002403|0CU0|SKF|Bearing SKF RLS10|RLS 10|Bearing|Deep groove ball bearings|
1309-CJL-93000686|CJL-93000686|0N70|SKF|Bearing SKF S71916ACB|S71916 ACB|Bearing|Angular contact ball bearings, super-precision|Bore diameter: 80.0 mm, Outside diameter: 110.0 mm, Width: 16.0 mm
47700-CJL-77046821|CJL-77046821|0GF0|SKF|Bearing SKF SA12C|SA 12 C|Accessory|Rod ends with a male thread|Bore diameter: 12.0 mm, Diameter head: 35.0 mm, Width inner ring: 10.0 mm, Thread: M 12 unit not found, Width head: 8.5 mm, Height shank end face - centre rod end eye: 54.0 mm, Angle of tilt: 10.0 ?
6558-PGM-49107994|PGM-49107994|0GM0|SKF|Bearing SKF SA25C|SA 25 C|Accessory|Rod ends with a male thread|Bore diameter: 25.0 mm, Diameter head: 65.0 mm, Width inner ring: 20.0 mm, Thread: M 24x2 unit not found, Width head: 18.0 mm, Height shank end face - centre rod end eye: 94.0 mm, Angle of tilt: 7.0 ?
83400-CNM-4110655|CNM-4110655|0NL0|SKF|Bearing SKF SAKAC5M|SAKAC 5 M|Accessory|Rod ends with a male thread|Bore diameter: 5.0 mm, Diameter head: 19.0 mm, Width inner ring: 8.0 mm, Thread: M 5 unit not found, Width head: 7.5 mm, Height shank end face - centre rod end eye: 33.0 mm, Angle of tilt: 13.0 ?
63122-GBC-BHO 056-269|GBC-BHO 056-269|0PF0|SKF|Bearing SKF SE210|SE 210 + C 2210|Housing|SE and SNL plummer block housings for bearings with a cylindrical bore, with standard seals|Shaft diameter: 50.0 mm, Shaft diameter: 60.0 mm, Designation bearing: C 2210 unit not found, Base width: 90.0 mm, Complete housing height: 114.0 mm, Spherical seat centre height: 60.0 mm, Overall length: 205.0 mm
64752-CQ4-BRNG1058|CQ4-BRNG1058|0Q40|SKF|Bearing SKF SE210|SE 210 + C 2210|Housing|SE and SNL plummer block housings for bearings with a cylindrical bore, with standard seals|Shaft diameter: 50.0 mm, Shaft diameter: 60.0 mm, Designation bearing: C 2210 unit not found, Base width: 90.0 mm, Complete housing height: 114.0 mm, Spherical seat centre height: 60.0 mm, Overall length: 205.0 mm
15458-PLJ-10001502|PLJ-10001502|0LJ0|SKF|Bearing SKF SI12C|SI 12 C|Accesory|Rod ends with a female thread|Bore diameter: 12.0 mm, Diameter head: 35.0 mm, Width inner ring: 10.0 mm, Thread: M 12 unit not found, Width head: 8.5 mm, Height shank end face - centre rod end eye: 50.0 mm, Angle of tilt: 10.0 ?
47584-CJL-77048933|CJL-77048933|0GF0|SKF|Bearing SKF GIR30DO|SI 30 ES|Accesory|Rod ends with a female thread|Bore diameter: 30.0 mm, Diameter head: 75.0 mm, Width inner ring: 22.0 mm, Thread: M 30x2 unit not found, Width head: 20.0 mm, Height shank end face - centre rod end eye: 110.0 mm, Angle of tilt: 6.0 ?
23604-PTX-1246|PTX-1246|0TX0|SKF|Bearing SKF LJ5|SILJ 50 ES|Accesory|Rod ends with a female thread|Bore diameter: 50.0 mm, Diameter head: 122.0 mm, Width inner ring: 35.0 mm, Thread: M 33x2 unit not found, Width head: 30.0 mm, Height shank end face - centre rod end eye: 130.0 mm, Angle of tilt: 6.0 ?
64682-CQ5-81200041|CQ5-81200041|0Q50|SKF|Bearing SKF SNL212|SNL 212 + 1212|Housing|SE and SNL plummer block housings for bearings with a cylindrical bore, with standard seals|Shaft diameter: 60.0 mm, Shaft diameter: 70.0 mm, Designation bearing: 1212 unit not found, Base width: 105.0 mm, Complete housing height: 134.0 mm, Spherical seat centre height: 70.0 mm, Overall length: 255.0 mm
21134-CQ4-BRNG1148|CQ4-BRNG1148|0Q40|SKF|Bearing SKF SNL3136|SNL 3136 ATURT|Housing|Large SNL plummer block housings for bearings on an adapter sleeve, with oil seals|Shaft diameter: 160.0 mm, Designation bearing: 23136 K unit not found, Base width: 235.0 mm, Complete housing height: 353.0 mm, Spherical seat centre height: 180.0 mm, Overall length: 530.0 mm
64322-CQ4-BRNG1147|CQ4-BRNG1147|0Q40|SKF|Bearing SKF SNL3152|SNL 3152 G + 22248|Housing|Large SNL plummer block housings for bearings with a cylindrical bore, with standard seals|Shaft diameter: 240.0 mm, Shaft diameter: 260.0 mm, Designation bearing: 22248 unit not found, Base width: 320.0 mm, Complete housing height: 516.0 mm, Spherical seat centre height: 260.0 mm, Overall length: 770.0 mm
60550-PN5-1001392|PN5-1001392|0N50|SKF|Bearing SKF SNL518615|SNL 518-615 + 23218|Housing|SE and SNL plummer block housings for bearings with a cylindrical bore, with standard seals|Shaft diameter: 90.0 mm, Shaft diameter: 100.0 mm, Designation bearing: 23218 unit not found, Base width: 140.0 mm, Complete housing height: 194.0 mm, Spherical seat centre height: 100.0 mm, Overall length: 345.0 mm
131-CCA-1030961|CCA-1030961|0K90|SKF|Bearing SKF SY23|SY 2.3/16 TF/VA228|Unit|Plummer block ball bearing units, for high temperature applications|Shaft diameter: 55.563 mm, Base width: 60.0 mm, Overall height: 126.0 mm, Spherical seat centre height: 63.5 mm, Overall width: 219.0 mm
14679-CCA-1530772|CCA-1530772|0K90|SKF|Bearing SKF SY25TF|SY 25 TF|Unit|Ball bearing plummer block units|Bore diameter: 25.0 mm, Base width: 36.0 mm, Overall height: 70.0 mm, Height of spherical seat centre: 36.5 mm, Overall length: 130.0 mm
22575-CJL-10005529|CJL-10005529|0RU0|SKF|Bearing SKF SYNT60F|SYNT 60 F|Unit|Roller bearing plummer block units, for metric shafts|Shaft diameter: 60.0 mm, Housing foot width: 80.0 mm, Housing height: 151.0 mm, Height base to center: 80.0 mm, Housing length: 275.0 mm
66646-PFO-10007449|PFO-10007449|0QH0|SKF|Bearing SKF TU25TF|TU 25 TF|Unit|Ball bearing take-up units|Bore diameter: 25.0 mm, Overall width: 34.0 mm, Overall height: 91.0 mm, Distance between bottoms of location slot: 76.0 mm, Overall length: 100.0 mm
16153-CQ4-BRNG1238|CQ4-BRNG1238|0Q40|SKF|Bearing SKF TU510M|TU 510 M|Housing|Take-up housings for insert bearings|Diameter of spherical seat: 90.0 mm, Overall width: 49.0 mm, Overall height: 117.0 mm, Distance between bottoms of location slot: 101.0 mm, Overall length: 149.0 mm
47604-CJL-7704719A|CJL-7704719A|0GF0|SKF|Bearing SKF TUJ60|TUJ 60 TF|Unit|Ball bearing take-up units|Bore diameter: 60.0 mm, Overall width: 60.0 mm, Overall height: 146.0 mm, Distance between bottoms of location slot: 130.0 mm, Overall length: 186.0 mm
15674-CND-52533065|CND-52533065|0ND0|SKF|Bearing SKF UC206|UC206|Bearing|Insert bearings|
402-CJL-93001064|CJL-93001064|0K50|SKF|Bearing SKF WS81106|WS 81106|Accesory|Bearing washers for cylindrical and needle roller thrust bearings|Bore/shaft diameter: 30.0 mm, Width: 3.0 mm, Outside diameter shaft washer: 47.0 mm
19839-PLP-00001744|PLP-00001744|0LP0|SKF|Bearing SKF YAR203|YAR 203/15-2F|Bearing|Insert bearings|Bore diameter: 15.0 mm, Outside diameter: 40.0 mm, Width inner ring: 27.4 mm, Basic dynamic load rating: 9.56 kN, Basic static load rating: 4.75 kN
11610-CSA-13050547|CSA-13050547|0D80|SKF|Bearing SKF YAR207-107-2F|YAR 207-107-2FW/VA228|Bearing|Y-bearings, with grub screws, for high temperature applications|Bore diameter: 36.513 mm, Outside diameter: 72.0 mm, Width inner ring: 42.9 mm, Width outer ring: 19.0 mm, Basic dynamic load rating: 25.5 kN, Basic static load rating: 15.3 kN
71901-PRX-BELT078|PRX-BELT078|0RX0|SKF|Bearing SKF YAR2072F|YAR 207-2F|Bearing|Insert bearings|Bore diameter: 35.0 mm, Outside diameter: 72.0 mm, Width inner ring: 42.9 mm, Basic dynamic load rating: 25.5 kN, Basic static load rating: 15.3 kN
7629-PKJ-P2288|PKJ-P2288|0KJ0|SKF|Bearing SKF Z206|Z 206|Accessory|Sealing washers|Bore diameter: 30.0 mm, Housing bore diameter: 62.0 mm, Width: 6.0 mm, Thickness material (housing) washer: 1.5 mm
